file	width	height
b8564V2008_b	2895	2170
b8565V2008_b	2895	2170
b8566V2008_b	2895	2170
b8567V2008_b	2895	2170
b8568V2008r_b	2895	2170
b8568V2008v_vs_b	2895	2170
b8569V2008_b	2895	2170
b8570V2008r_b	2895	2170
b8570V2008v_vs_b	2895	2170
b8571V2008_b	2895	2170
b8572V2008r_b	2895	2170
b8572V2008v_vs_b	2895	2170
b8573V2008_b	2895	2170
b8574V2008_b	2895	2170
b8575V2008_b	2895	2170
b8576V2008r_b	2895	2170
b8576V2008v_vs_b	2895	2170
b8577V2008_b	2895	2170
b8578V2008r_b	2895	2170
b8578V2008v_vs_b	2895	2170
b8579V2008r_b	2895	2170
b8579V2008v_vs_b	2895	2170
b8580V2008r_b	2895	2170
b8580V2008v_vs_b	2895	2170
b8581V2008r_b	2895	2170
b8581V2008v_vs_b	2895	2170
b8582V2008r_b	2895	2170
b8582V2008v_vs_b	2895	2170
b8583V2008r_b	2895	2170
b8583V2008v_vs_b	2895	2170
b8584V2008_b	2895	2170
b8585V2008_b	2895	2170
b8586V2008r_b	2895	2170
b8586V2008v_vs_b	2895	2170
b8587-001V2008_b	2895	2170
b8587-002V2008_b	2895	2170
b8588V2008_b	2170	2895
b8589V2008_b	2895	2170
b8590V2008_b	2895	2170
b8591V2008r_b	2170	2895
b8591V2008v_vs_b	2170	2895
b8592V2008r_b	2895	2170
b8592V2008v_vs_b	2895	2170
b8593V2008_b	2895	2170
b8594-001V2008_b	2895	2170
b8594-002V2008_b	2895	2170
b8595V2008r_b	2895	2170
b8595V2008v_vs_b	2895	2170
b8596-001V2008_b	2895	2170
b8596-002V2008_b	2895	2170
b8597V2008r_b	2895	2170
b8597V2008v_vs_b	2895	2170
b8598-001V2008r_b	2895	2170
b8598-001V2008v_vs_b	2895	2170
b8598-002V2008_b	2895	2170
b8599-001V2008r_b	2895	2170
b8599-001V2008v_vs_b	2895	2170
b8599-002V2008_b	2895	2170
b8600V2008r_b	2895	2170
b8600V2008v_vs_b	2895	2170
b8601V2008_b	2895	2170
b8602-001V2008r_b	2895	2170
b8602-001V2008v_vs_b	2895	2170
b8602-002V2008_b	2895	2170
b8603-001V2008r_b	2895	2170
b8603-001V2008v_vs_b	2895	2170
b8603-002V2008_b	2895	2170
b8604-001V2008_b	2895	2170
b8604-002V2008_b	2895	2170
b8605V2008r_b	2895	2170
b8605V2008v_vs_b	2895	2170
b8606-001V2008r_b	2895	2170
b8606-001V2008v_vs_b	2895	2170
b8606-002V2008_b	2895	2170
b8607-001V2008r_b	2895	2170
b8607-001V2008v_vs_b	2895	2170
b8607-002V2008_b	2895	2170
b8608-001V2008_b	2895	2170
b8608-002V2008_b	2895	2170
b8609-001V2008r_b	2895	2170
b8609-001V2008v_vs_b	2895	2170
b8609-002V2008_b	2895	2170
b8610-001V2008_b	2895	2170
b8610-002V2008_b	2895	2170
b8611V2008r_b	2895	2170
b8611V2008v_vs_b	2895	2170
b8612-001V2008_b	2170	2895
b8612-002V2008_b	2895	2170
b8613-001V2008_b	2895	2170
b8613-002V2008_b	2895	2170
b8614-001V2008r_b	2895	2170
b8614-001V2008v_vs_b	2895	2170
b8614-002V2008_b	2895	2170
b8615V2008r_b	2895	2170
b8615V2008v_vs_b	2895	2170
b8616-001V2008r_b	2895	2170
b8616-001V2008v_vs_b	2895	2170
b8616-002V2008_b	2895	2170
b8617-001V2008r_b	2895	2170
b8617-001V2008v_vs_b	2895	2170
b8617-002V2008_b	2895	2170
b8618V2008r_b	2895	2170
b8618V2008v_vs_b	2895	2170
b8619V2008_b	2170	2895
b8620V2008_b	2895	2170
b8621V2008_b	2895	2170
b8622V2008_b	2895	2170
b8623V2008r_b	2895	2170
b8623V2008v_vs_b	2895	2170
b8624V2008_gb	1263	1982
b8625V2008r_b	2895	2170
b8625V2008v_vs_b	2895	2170
b8626V2008r_b	2895	2170
b8626V2008v_vs_b	2895	2170
b8627-001V2008r_b	2895	2170
b8627-001V2008v_vs_b	2895	2170
b8627-002V2008_b	2895	2170
b8628-001V2008r_b	2895	2170
b8628-001V2008v_vs_b	2895	2170
b8628-002V2008_b	2895	2170
b8629V2008r_b	2170	2895
b8629V2008v_vs_b	2170	2895
b8630-001V2008r_b	2895	2170
b8630-001V2008v_vs_b	2895	2170
b8630-002V2008_b	2895	2170
b8631-001V2008r_b	2895	2170
b8631-001V2008v_vs_b	2895	2170
b8631-002V2008_b	2895	2170
b8632V2008r_b	2895	2170
b8632V2008v_vs_b	2895	2170
b8633-001V2008r_b	2170	2895
b8633-001V2008v_vs_b	2170	2895
b8633-002V2008_b	2895	2170
b8634V2008r_b	2895	2170
b8634V2008v_vs_b	2895	2170
b8635V2008r_b	2895	2170
b8635V2008v_vs_b	2895	2170
b8636-001V2008r_b	2895	2170
b8636-001V2008v_vs_b	2895	2170
b8636-002V2008_b	2895	2170
b8637V2008r_b	2895	2170
b8637V2008v_vs_b	2895	2170
b8638-001V2008r_b	2170	2895
b8638-001V2008v_vs_b	2170	2895
b8638-002V2008_b	2895	2170
b8639-001V2008_b	2895	2170
b8639-002V2008_b	2895	2170
b8640V2008r_b	2895	2170
b8640V2008v_vs_b	2895	2170
b8641V2008r_b	2895	2170
b8641V2008v_vs_b	2895	2170
b8642V2008r_b	2895	2170
b8642V2008v_vs_b	2895	2170
b8643V2008r_b	2895	2170
b8643V2008v_vs_b	2895	2170
b8644V2008r_b	2895	2170
b8644V2008v_vs_b	2895	2170
b8645V2008r_b	2895	2170
b8645V2008v_vs_b	2895	2170
b8646V2008r_b	2895	2170
b8646V2008v_vs_b	2895	2170
b8647V2008r_b	2170	2895
b8647V2008v_vs_b	2170	2895
b8648V2008r_b	2895	2170
b8648V2008v_vs_b	2895	2170
b8649V2008r_b	2895	2170
b8649V2008v_vs_b	2895	2170
b8650V2008r_b	2895	2170
b8650V2008v_vs_b	2895	2170
b8651-001V2008r_b	2895	2170
b8651-001V2008v_vs_b	2895	2170
b8651-002V2008_b	2895	2170
b8652V2008_b	2895	2170
b8653V2008_b	2895	2170
b8654V2008_b	2895	2170
b8655V2008_b	2895	2170
b8656V2008_b	2895	2170
b8657V2008_b	2170	2895
b8658V2008r_b	2895	2170
b8658V2008v_vs_b	2895	2170
b8659V2008_b	2895	2170
b8660V2008_b	2895	2170
b8661V2008_b	2895	2170
b8662V2008_b	2895	2170
b8663V2008_b	2170	2895
b8664V2008_b	2170	2895
b8665V2008_b	2170	2895
b8666V2008_b	2895	2170
